[{"id":"user-image-1177699.png","publicUrl":"np://user.desktop.nicepage.com/Site_134826611/images/1177699.png","size":3668,"hash":"vpxia2L3xHMZN/b/4oBobgRhEQs=","fileName":"1177699.png","name":"1177699","width":128,"height":128,"thumbnail":{"url":"np://user.desktop.nicepage.com/Site_134826611/images/thumbnails/1177699.png","width":128,"height":128,"length":3668,"type":"png"},"folderId":null,"usages":["75557619"]},{"id":"user-image-7bd280ec3dede660592145c8677dbd4a.jpeg","publicUrl":"np://user.desktop.nicepage.com/Site_134826611/images/7bd280ec3dede660592145c8677dbd4a.jpeg","size":79179,"hash":"SDL9kASiHh8gFEZePE1q9CfQ0Ns=","fileName":"7bd280ec3dede660592145c8677dbd4a.jpeg","name":"7bd280ec3dede660592145c8677dbd4a","width":707,"height":869,"thumbnail":{"url":"np://user.desktop.nicepage.com/Site_134826611/images/thumbnails/7bd280ec3dede660592145c8677dbd4a.jpeg","width":203,"height":250},"folderId":null,"originalUrl":"//images01.nicepage.com/7b/d2/7bd280ec3dede660592145c8677dbd4a.jpeg","usages":["75557619"]},{"id":"user-image-30cea8d7da898338ab206b95941294cd.jpeg","publicUrl":"np://user.desktop.nicepage.com/Site_134826611/images/30cea8d7da898338ab206b95941294cd.jpeg","size":79211,"hash":"7PcvcWurku96v+XXYy2Ag0AL0FQ=","fileName":"30cea8d7da898338ab206b95941294cd.jpeg","name":"30cea8d7da898338ab206b95941294cd","width":634,"height":951,"thumbnail":{"url":"np://user.desktop.nicepage.com/Site_134826611/images/thumbnails/30cea8d7da898338ab206b95941294cd.jpeg","width":167,"height":250},"folderId":null,"originalUrl":"//images01.nicepage.com/30/ce/30cea8d7da898338ab206b95941294cd.jpeg","usages":["75557619"]},{"id":"user-image-f28110b7b96a1dfc08745eefcd3cb2db.jpeg","publicUrl":"np://user.desktop.nicepage.com/Site_134826611/images/f28110b7b96a1dfc08745eefcd3cb2db.jpeg","size":151579,"hash":"uqkn5iBfRr2oa5q3uNglZUrqd5Q=","fileName":"f28110b7b96a1dfc08745eefcd3cb2db.jpeg","name":"f28110b7b96a1dfc08745eefcd3cb2db","width":560,"height":839,"thumbnail":{"url":"np://user.desktop.nicepage.com/Site_134826611/images/thumbnails/f28110b7b96a1dfc08745eefcd3cb2db.jpeg","width":167,"height":250},"folderId":null,"originalUrl":"//images01.nicepage.com/f2/81/f28110b7b96a1dfc08745eefcd3cb2db.jpeg","usages":["75557619"]},{"id":"user-image-7084f7dc68de804e66988f636d5bae89.jpeg","publicUrl":"np://user.desktop.nicepage.com/Site_134826611/images/7084f7dc68de804e66988f636d5bae89.jpeg","size":121224,"hash":"+CQgQF8LG6Tj9CbGLvqn0f2/KWU=","fileName":"7084f7dc68de804e66988f636d5bae89.jpeg","name":"7084f7dc68de804e66988f636d5bae89","width":560,"height":828,"thumbnail":{"url":"np://user.desktop.nicepage.com/Site_134826611/images/thumbnails/7084f7dc68de804e66988f636d5bae89.jpeg","width":169,"height":250},"folderId":null,"originalUrl":"//images01.nicepage.com/70/84/7084f7dc68de804e66988f636d5bae89.jpeg","usages":["75557619"]},{"id":"user-image-a9103341eb400ddc4d24eb79e8c01074.jpeg","publicUrl":"np://user.desktop.nicepage.com/Site_134826611/images/a9103341eb400ddc4d24eb79e8c01074.jpeg","size":129759,"hash":"u/VJO0VjonxwcmNmt3FOkp6smoM=","fileName":"a9103341eb400ddc4d24eb79e8c01074.jpeg","name":"a9103341eb400ddc4d24eb79e8c01074","width":560,"height":840,"thumbnail":{"url":"np://user.desktop.nicepage.com/Site_134826611/images/thumbnails/a9103341eb400ddc4d24eb79e8c01074.jpeg","width":167,"height":250},"folderId":null,"originalUrl":"//images01.nicepage.com/a9/10/a9103341eb400ddc4d24eb79e8c01074.jpeg","usages":["75557619"]},{"id":"user-image-5fc626299ace30b720566d81952c6cd9.jpeg","publicUrl":"np://user.desktop.nicepage.com/Site_134826611/images/5fc626299ace30b720566d81952c6cd9.jpeg","size":244692,"hash":"l+03mPrq7XYJx0JrwYk7Rnu5YBo=","fileName":"5fc626299ace30b720566d81952c6cd9.jpeg","name":"5fc626299ace30b720566d81952c6cd9","width":1600,"height":1067,"thumbnail":{"url":"np://user.desktop.nicepage.com/Site_134826611/images/thumbnails/5fc626299ace30b720566d81952c6cd9.jpeg","width":250,"height":167},"folderId":null,"originalUrl":"//images01.nicepage.com/5f/c6/5fc626299ace30b720566d81952c6cd9.jpeg","usages":["75557619"]},{"id":"user-image-4fa9b5ddcca43eb6f49aa86927628da3.jpeg","publicUrl":"np://user.desktop.nicepage.com/Site_134826611/images/4fa9b5ddcca43eb6f49aa86927628da3.jpeg","size":150294,"hash":"UinFcnqsekVmlZ/7umLi9sh4IcQ=","fileName":"4fa9b5ddcca43eb6f49aa86927628da3.jpeg","name":"4fa9b5ddcca43eb6f49aa86927628da3","width":634,"height":951,"thumbnail":{"url":"np://user.desktop.nicepage.com/Site_134826611/images/thumbnails/4fa9b5ddcca43eb6f49aa86927628da3.jpeg","width":167,"height":250},"folderId":null,"originalUrl":"//images01.nicepage.com/4f/a9/4fa9b5ddcca43eb6f49aa86927628da3.jpeg","usages":["75557619"]},{"id":"user-image-7680c8e140aa8b6f2822f55035645485.jpeg","publicUrl":"np://user.desktop.nicepage.com/Site_134826611/images/7680c8e140aa8b6f2822f55035645485.jpeg","size":151457,"hash":"AfdZfQTTmVtLxFy0O8hl5skpBcQ=","fileName":"7680c8e140aa8b6f2822f55035645485.jpeg","name":"7680c8e140aa8b6f2822f55035645485","width":634,"height":951,"thumbnail":{"url":"np://user.desktop.nicepage.com/Site_134826611/images/thumbnails/7680c8e140aa8b6f2822f55035645485.jpeg","width":167,"height":250},"folderId":null,"originalUrl":"//images01.nicepage.com/76/80/7680c8e140aa8b6f2822f55035645485.jpeg","usages":["75557619"]},{"id":"user-image-dbcfd0aa774a1a28d6aaea1e6bdf4bca.jpeg","publicUrl":"np://user.desktop.nicepage.com/Site_134826611/images/dbcfd0aa774a1a28d6aaea1e6bdf4bca.jpeg","size":167757,"hash":"m/cN2DEff4rFeBRLlom1RCPDd70=","fileName":"dbcfd0aa774a1a28d6aaea1e6bdf4bca.jpeg","name":"dbcfd0aa774a1a28d6aaea1e6bdf4bca","width":1350,"height":900,"thumbnail":{"url":"np://user.desktop.nicepage.com/Site_134826611/images/thumbnails/dbcfd0aa774a1a28d6aaea1e6bdf4bca.jpeg","width":250,"height":167},"folderId":null,"originalUrl":"//images01.nicepage.com/db/cf/dbcfd0aa774a1a28d6aaea1e6bdf4bca.jpeg","usages":["75557619"]},{"id":"user-image-1f988200c3d4e0e963a522020f8dc664.jpeg","publicUrl":"np://user.desktop.nicepage.com/Site_134826611/images/1f988200c3d4e0e963a522020f8dc664.jpeg","size":69994,"hash":"O9Pp3HwPP9fxY9RfChff6J1MOVk=","fileName":"1f988200c3d4e0e963a522020f8dc664.jpeg","name":"1f988200c3d4e0e963a522020f8dc664","width":634,"height":951,"thumbnail":{"url":"np://user.desktop.nicepage.com/Site_134826611/images/thumbnails/1f988200c3d4e0e963a522020f8dc664.jpeg","width":167,"height":250},"folderId":null,"originalUrl":"//images01.nicepage.com/1f/98/1f988200c3d4e0e963a522020f8dc664.jpeg","usages":["75557619"]},{"id":"user-image-43461ef27e9c61bced952c39514365d4.jpeg","publicUrl":"np://user.desktop.nicepage.com/Site_134826611/images/43461ef27e9c61bced952c39514365d4.jpeg","size":104504,"hash":"WZ4LUkd3UL7LsJFuppKlx1wWZDA=","fileName":"43461ef27e9c61bced952c39514365d4.jpeg","name":"43461ef27e9c61bced952c39514365d4","width":1125,"height":750,"thumbnail":{"url":"np://user.desktop.nicepage.com/Site_134826611/images/thumbnails/43461ef27e9c61bced952c39514365d4.jpeg","width":250,"height":167},"folderId":null,"originalUrl":"//images01.nicepage.com/43/46/43461ef27e9c61bced952c39514365d4.jpeg","usages":["75557619"]},{"id":"user-image-df221daa67601773f8054890ec53ad48_150.png","publicUrl":"np://user.desktop.nicepage.com/Site_134826611/images/df221daa67601773f8054890ec53ad48_150.png","size":7162,"hash":"GHpCR9xtPtpqBRmCIGpYGjQy7n4=","fileName":"df221daa67601773f8054890ec53ad48_150.png","name":"df221daa67601773f8054890ec53ad48_150","width":150,"height":150,"thumbnail":{"url":"np://user.desktop.nicepage.com/Site_134826611/images/thumbnails/df221daa67601773f8054890ec53ad48_150.png","width":150,"height":150,"length":7162,"type":"png"},"folderId":null,"originalUrl":"//images01.nicepage.com/thumbs/df/22/df221daa67601773f8054890ec53ad48_150.png","usages":["75557619"]},{"id":"user-image-7c7824e631832b544e7ccf40669a49f7_150.png","publicUrl":"np://user.desktop.nicepage.com/Site_134826611/images/7c7824e631832b544e7ccf40669a49f7_150.png","size":7376,"hash":"8YyDr9rIC5jrFSgSjZ/veKZy0rI=","fileName":"7c7824e631832b544e7ccf40669a49f7_150.png","name":"7c7824e631832b544e7ccf40669a49f7_150","width":150,"height":150,"thumbnail":{"url":"np://user.desktop.nicepage.com/Site_134826611/images/thumbnails/7c7824e631832b544e7ccf40669a49f7_150.png","width":150,"height":150,"length":7376,"type":"png"},"folderId":null,"originalUrl":"//images01.nicepage.com/thumbs/7c/78/7c7824e631832b544e7ccf40669a49f7_150.png","usages":["75557619"]},{"id":"user-image-d290e0988d1a02469824ec281f739948_150.png","publicUrl":"np://user.desktop.nicepage.com/Site_134826611/images/d290e0988d1a02469824ec281f739948_150.png","size":7991,"hash":"zbyzA/m8YqZug6rn2RaZHBfixf4=","fileName":"d290e0988d1a02469824ec281f739948_150.png","name":"d290e0988d1a02469824ec281f739948_150","width":150,"height":150,"thumbnail":{"url":"np://user.desktop.nicepage.com/Site_134826611/images/thumbnails/d290e0988d1a02469824ec281f739948_150.png","width":150,"height":150,"length":7991,"type":"png"},"folderId":null,"originalUrl":"//images01.nicepage.com/thumbs/d2/90/d290e0988d1a02469824ec281f739948_150.png","usages":["75557619"]},{"id":"user-image-98af1a81f3f62ae873acf1eea3b18872.jpeg","publicUrl":"np://user.desktop.nicepage.com/Site_134826611/images/98af1a81f3f62ae873acf1eea3b18872.jpeg","size":75398,"hash":"s7FCCTwVZf/0N9ofuQoqHA0lhkU=","fileName":"98af1a81f3f62ae873acf1eea3b18872.jpeg","name":"98af1a81f3f62ae873acf1eea3b18872","width":1600,"height":830,"thumbnail":{"url":"np://user.desktop.nicepage.com/Site_134826611/images/thumbnails/98af1a81f3f62ae873acf1eea3b18872.jpeg","width":250,"height":130},"folderId":null,"originalUrl":"//images01.nicepage.com/98/af/98af1a81f3f62ae873acf1eea3b18872.jpeg","usages":["75557619"]},{"id":"user-image-d2c56d84a47deab3fb5ae1157a21ff95.jpeg","publicUrl":"np://user.desktop.nicepage.com/Site_134826611/images/d2c56d84a47deab3fb5ae1157a21ff95.jpeg","size":77403,"hash":"arBq2lpkZgMSMrmhtOZrYrjl8qI=","fileName":"d2c56d84a47deab3fb5ae1157a21ff95.jpeg","name":"d2c56d84a47deab3fb5ae1157a21ff95","width":900,"height":399,"thumbnail":{"url":"np://user.desktop.nicepage.com/Site_134826611/images/thumbnails/d2c56d84a47deab3fb5ae1157a21ff95.jpeg","width":250,"height":111},"folderId":null,"originalUrl":"//images01.nicepage.com/d2/c5/d2c56d84a47deab3fb5ae1157a21ff95.jpeg","usages":["75557619"]},{"id":"user-image-1ffc5de2-a913-616d-5648-d59e1efe69f9.jpg","publicUrl":"np://user.desktop.nicepage.com/Site_134826611/images/1ffc5de2-a913-616d-5648-d59e1efe69f9.jpg","size":110058,"hash":"G7oFb/VPgfG4HdJMXmu6vrtxwqs=","fileName":"1ffc5de2-a913-616d-5648-d59e1efe69f9.jpg","name":"1ffc5de2-a913-616d-5648-d59e1efe69f9","width":400,"height":400,"thumbnail":{"url":"np://user.desktop.nicepage.com/Site_134826611/images/thumbnails/1ffc5de2-a913-616d-5648-d59e1efe69f9.jpg","width":250,"height":250},"folderId":null,"originalUrl":"//images03.nicepage.com/c461c07a441a5d220e8feb1a/c3270188abdf5b82ba2d0d2f/1ffc5de2-a913-616d-5648-d59e1efe69f9.jpg","usages":["1243002124"]},{"id":"user-image-7f9d835baa63dc5b65349d66ad048a96.jpeg","publicUrl":"np://user.desktop.nicepage.com/Site_134826611/images/7f9d835baa63dc5b65349d66ad048a96.jpeg","size":51148,"hash":"eRM0mb4HV4mEECUqggC6/2jo7jM=","fileName":"7f9d835baa63dc5b65349d66ad048a96.jpeg","name":"7f9d835baa63dc5b65349d66ad048a96","width":400,"height":400,"thumbnail":{"url":"np://user.desktop.nicepage.com/Site_134826611/images/thumbnails/7f9d835baa63dc5b65349d66ad048a96.jpeg","width":250,"height":250},"folderId":null,"originalUrl":"//images03.nicepage.com/c461c07a441a5d220e8feb1a/aca6a569d1905564b6c0feee/7f9d835baa63dc5b65349d66ad048a96.jpeg","usages":["1243002124"]},{"id":"user-image-9ca7748fb65d839c51dee7201c514ce9.jpeg","publicUrl":"np://user.desktop.nicepage.com/Site_134826611/images/9ca7748fb65d839c51dee7201c514ce9.jpeg","size":81004,"hash":"4HZ+86lsjtgdstw6EYEJcgYniu8=","fileName":"9ca7748fb65d839c51dee7201c514ce9.jpeg","name":"9ca7748fb65d839c51dee7201c514ce9","width":400,"height":400,"thumbnail":{"url":"np://user.desktop.nicepage.com/Site_134826611/images/thumbnails/9ca7748fb65d839c51dee7201c514ce9.jpeg","width":250,"height":250},"folderId":null,"originalUrl":"//images03.nicepage.com/c461c07a441a5d220e8feb1a/039b7de72b875612a29bec66/9ca7748fb65d839c51dee7201c514ce9.jpeg","usages":["1243002124"]},{"id":"user-image-dd4241750a8bbf0d2f35f15bb55ddb3c.jpeg","publicUrl":"np://user.desktop.nicepage.com/Site_134826611/images/dd4241750a8bbf0d2f35f15bb55ddb3c.jpeg","size":107191,"hash":"hpO+koIfZ7SRn5T5eVfR2fToHX0=","fileName":"dd4241750a8bbf0d2f35f15bb55ddb3c.jpeg","name":"dd4241750a8bbf0d2f35f15bb55ddb3c","width":1600,"height":913,"thumbnail":{"url":"np://user.desktop.nicepage.com/Site_134826611/images/thumbnails/dd4241750a8bbf0d2f35f15bb55ddb3c.jpeg","width":250,"height":143},"folderId":null,"originalUrl":"//images02.nicepage.com/c461c07a441a5d220e8feb1a/7af09cf57d5e5895988155eb/dd4241750a8bbf0d2f35f15bb55ddb3c.jpeg","usages":["1243002124"]},{"id":"user-image-3171d7e785a81496bc0e8310b3d17de3.jpeg","publicUrl":"np://user.desktop.nicepage.com/Site_134826611/images/3171d7e785a81496bc0e8310b3d17de3.jpeg","size":89097,"hash":"K2CUYGlVKM1j6J61C3c/h1sGR+Q=","fileName":"3171d7e785a81496bc0e8310b3d17de3.jpeg","name":"3171d7e785a81496bc0e8310b3d17de3","width":400,"height":400,"thumbnail":{"url":"np://user.desktop.nicepage.com/Site_134826611/images/thumbnails/3171d7e785a81496bc0e8310b3d17de3.jpeg","width":250,"height":250},"folderId":null,"originalUrl":"//images01.nicepage.com/31/71/3171d7e785a81496bc0e8310b3d17de3.jpeg","usages":["1243002124"]},{"id":"user-image-02d3256744f3e47b7c015cd76baef0cd.jpeg","publicUrl":"np://user.desktop.nicepage.com/Site_134826611/images/02d3256744f3e47b7c015cd76baef0cd.jpeg","size":189296,"hash":"2uBHJrFRb04BfoIhs8riyvgIgtw=","fileName":"02d3256744f3e47b7c015cd76baef0cd.jpeg","name":"02d3256744f3e47b7c015cd76baef0cd","width":1458,"height":1080,"thumbnail":{"url":"np://user.desktop.nicepage.com/Site_134826611/images/thumbnails/02d3256744f3e47b7c015cd76baef0cd.jpeg","width":250,"height":185},"folderId":null,"originalUrl":"//images02.nicepage.com/02/d3/02d3256744f3e47b7c015cd76baef0cd.jpeg","usages":["1243002124"]},{"id":"user-image-d.jpg","publicUrl":"np://user.desktop.nicepage.com/Site_134826611/images/d.jpg","size":369432,"hash":"IYxqanEepDXUAO2XmB8pzmEBRjc=","fileName":"d.jpg","name":"d","width":700,"height":1050,"thumbnail":{"url":"np://user.desktop.nicepage.com/Site_134826611/images/thumbnails/d.jpg","width":167,"height":250},"folderId":null,"originalUrl":"//images03.nicepage.com/c461c07a441a5d220e8feb1a/2ff1511081515f38b874f643/d.jpg","usages":["1243002124"]}]