[{"id":240485480,"title":"Blog Template","order":1,"templateKey":"blog","customTemplate":false,"customTemplateFilename":null,"pageLinks":[],"dateCreated":"2023-10-15T19:28:13.408Z","dateUpdated":"2023-10-15T19:28:14.808Z","folderId":null,"pageName":"Blog Template","serverPageId":null,"status":2,"backwardUrl":null},{"id":170151169,"title":"Post Template","order":2,"templateKey":"post","customTemplate":false,"customTemplateFilename":null,"pageLinks":[],"dateCreated":"2023-10-15T19:28:13.594Z","dateUpdated":"2023-10-15T19:28:14.809Z","folderId":null,"pageName":"Post Template","serverPageId":null,"status":2,"backwardUrl":null},{"id":111002074,"title":"Product List Template","order":3,"templateKey":"products","customTemplate":false,"customTemplateFilename":null,"pageLinks":[],"dateCreated":"2023-10-15T19:28:13.710Z","dateUpdated":"2023-10-15T19:28:14.809Z","folderId":null,"pageName":"Product List Template","serverPageId":null,"status":2,"backwardUrl":null},{"id":696103017,"title":"Product Details Template","order":4,"templateKey":"product","customTemplate":false,"customTemplateFilename":null,"pageLinks":[],"dateCreated":"2023-10-15T19:28:13.843Z","dateUpdated":"2023-10-15T19:28:14.809Z","folderId":null,"pageName":"Product Details Template","serverPageId":null,"status":2,"backwardUrl":null},{"id":69205385,"title":"Shopping Cart Template","order":5,"templateKey":"cart","customTemplate":false,"customTemplateFilename":null,"pageLinks":[],"dateCreated":"2023-10-15T19:28:13.971Z","dateUpdated":"2023-10-15T19:28:14.809Z","folderId":null,"pageName":"Shopping Cart Template","serverPageId":null,"status":2,"backwardUrl":null},{"id":182201729,"title":"Checkout Template","order":6,"templateKey":"checkout","customTemplate":false,"customTemplateFilename":null,"pageLinks":[],"dateCreated":"2023-10-15T19:28:14.130Z","dateUpdated":"2023-10-15T19:28:14.809Z","folderId":null,"pageName":"Checkout Template","serverPageId":null,"status":2,"backwardUrl":null},{"id":387422264,"title":"Login Template","order":7,"templateKey":"login","customTemplate":false,"customTemplateFilename":null,"pageLinks":[],"dateCreated":"2023-10-15T19:28:14.219Z","dateUpdated":"2023-10-15T19:28:14.809Z","folderId":null,"pageName":"Login Template","serverPageId":null,"status":2,"backwardUrl":null},{"id":120627843,"title":"Page Password Template","order":8,"templateKey":"password","customTemplate":false,"customTemplateFilename":null,"pageLinks":[],"dateCreated":"2023-10-15T19:28:14.277Z","dateUpdated":"2023-10-15T19:28:14.809Z","folderId":null,"pageName":"Page Password Template","serverPageId":null,"status":2,"backwardUrl":null},{"id":22627933,"title":"404 Not Found Template","order":9,"templateKey":"404","customTemplate":false,"customTemplateFilename":null,"pageLinks":[],"dateCreated":"2023-10-15T19:28:14.330Z","dateUpdated":"2023-10-15T19:28:14.810Z","folderId":null,"pageName":"404 Not Found Template","serverPageId":null,"status":2,"backwardUrl":null},{"id":61720347,"title":"Thank You Page Template","order":10,"templateKey":"ThankYou","customTemplate":false,"customTemplateFilename":null,"pageLinks":[],"dateCreated":"2023-10-15T19:28:14.386Z","dateUpdated":"2023-10-15T19:28:14.810Z","folderId":null,"pageName":"Thank You Page Template","serverPageId":null,"status":2,"backwardUrl":null},{"id":136824106,"title":"Home","order":50,"templateKey":null,"customTemplate":false,"customTemplateFilename":null,"pageLinks":[],"dateCreated":"2023-10-15T19:28:15.245Z","dateUpdated":"2023-10-15T20:21:35.438Z","folderId":null,"pageName":"Home_136824106","serverPageId":null,"status":2,"backwardUrl":null},{"id":1437615851,"title":"About","order":100,"templateKey":null,"customTemplate":false,"customTemplateFilename":null,"pageLinks":[],"dateCreated":"2023-10-15T19:28:14.426Z","dateUpdated":"2023-10-15T19:28:14.810Z","folderId":null,"pageName":"About_1437615851","serverPageId":null,"status":2,"backwardUrl":null},{"id":556517147,"title":"Contact","order":101,"templateKey":null,"customTemplate":false,"customTemplateFilename":null,"pageLinks":[],"dateCreated":"2023-10-15T19:28:14.453Z","dateUpdated":"2023-10-15T19:28:14.810Z","folderId":null,"pageName":"Contact_556517147","serverPageId":null,"status":2,"backwardUrl":null},{"id":1243002124,"title":"Page 1","order":102,"templateKey":null,"customTemplate":false,"customTemplateFilename":null,"pageLinks":[],"dateCreated":"2023-10-15T19:28:45.081Z","dateUpdated":"2023-10-15T20:35:08.060Z","folderId":null,"pageName":"Page 1_1243002124","serverPageId":null,"status":2,"backwardUrl":null},{"id":75557619,"title":"Page 2","order":103,"templateKey":null,"customTemplate":false,"customTemplateFilename":null,"pageLinks":[],"dateCreated":"2023-10-15T20:35:07.645Z","dateUpdated":"2023-10-26T14:53:07.429Z","folderId":null,"pageName":"Page 2_75557619","serverPageId":null,"status":2,"backwardUrl":null}]